<?xml version="1.0" encoding="UTF-8"?>
<!DOCTYPE suite SYSTEM "https://testng.org/testng-1.0.dtd">
<suite name="Suite">
  <test thread-count="5" name="Test">
	  <groups>
		  <run>
			  <include name="smoke"></include>
			  <include name="regression"></include>
			  <exclude name="LoginPage"></exclude>
		  </run>
	  </groups>
    <classes>
      <class name="com.testng.groups.GroupsSample"/>
      <class name="com.testng.attributes"></class>
    </classes>
  </test> <!-- Test -->
</suite> <!-- Suite -->
