<?xml version="1.0" encoding="UTF-8"?>
<!DOCTYPE suite SYSTEM "https://testng.org/testng-1.0.dtd">
<suite name="Suite">
  <test thread-count="5" name="Test">
	  <groups>
		  <define name="Pages">
			  <include name="LoginPage"></include>
			  <include name="HomePage"></include>
			  <include name="CheckoutPage"></include>
		  </define>
		  
		  <define name="Test">
			  <include name="smoke"></include>
			  <include name="santiy"></include>
			  <include name="regression"></include>
		  </define>
		  
		  <run>
			  <exclude name="Pages"></exclude>
			  <include name="Test"></include>
		  </run>
	  </groups>
    <classes>
      <class name="com.testng.groups.GroupsSample"/>
      <class name="com.testng.attributes.Priority"></class>
    </classes>
  </test> <!-- Test -->
</suite> <!-- Suite -->
