<?xml version="1.0" encoding="UTF-8"?>
<!DOCTYPE suite SYSTEM "https://testng.org/testng-1.0.dtd">
<suite name="Suite">
  <test thread-count="5" name="Test">
    <classes>
      <class name="com.testng.attributes.DependsOnAndDescription"/>
      <class name="com.testng.attributes.Enabled"/>
      <class name="com.testng.attributes.AttributesTwo"/>
      <class name="com.testng.attributes.AlwaysRun"/>
      <class name="com.testng.attributes.Priority"/>
    </classes>
  </test> <!-- Test -->
</suite> <!-- Suite -->
